<?xml version="1.0" encoding="UTF-8"?>
<addon
  id="pvr.jellyfin"
  version="0.1.3"
  name="Jellyfin PVR Client"
  provider-name="Northern Powerhouse">
  <requires><import addon="kodi.binary.global.main" version="2.0.0"/><import addon="kodi.binary.instance.pvr" version="8.2.0"/></requires>
  <extension
    point="xbmc.pvrclient"
    library_android="pvr.jellyfin.so"/>
  <extension point="xbmc.addon.metadata">
    <platform>android</platform>
    <license>CC0-1.0</license>
    <source>https://github.com/northernpowerhouse/pvr.jellyfin</source>
    <summary lang="en_GB">Kodi PVR addon for Jellyfin Live TV</summary>
    <description lang="en_GB">This addon allows Kodi to use Jellyfin as a Live TV backend, supporting channels, EPG, and recordings.</description>
    <news>
v1.0.0
- Initial release
- Channel list support
- EPG support
- Live TV streaming
- Recording management
    </news>
    <assets>
      <icon>resources/icon.png</icon>
      <fanart>resources/fanart.jpg</fanart>
    </assets>
  </extension>
</addon>
