<?xml version="0.1.1" encoding="UTF-8" standalone="yes"?>
<addon id="repository.jellyfin.pvr" name="Jellyfin PVR Repository" version="0.1.1" provider-name="northernpowerhouse">
    <extension point="xbmc.addon.repository" name="Jellyfin PVR Repository">
        <dir>
            <info compressed="false">https://raw.githubusercontent.com/northernpowerhouse/pvr.jellyfin/main/repository/addons.xml</info>
            <checksum>https://raw.githubusercontent.com/northernpowerhouse/pvr.jellyfin/main/repository/addons.xml.md5</checksum>
            <datadir zip="true">https://raw.githubusercontent.com/northernpowerhouse/pvr.jellyfin/main/repository</datadir>
            <hashes>false</hashes>
        </dir>
    </extension>
    <extension point="xbmc.addon.metadata">
        <summary lang="en_GB">Jellyfin PVR Addon Repository</summary>
        <description lang="en_GB">Repository for the Jellyfin PVR Client addon. Install this repository to get automatic updates for the Jellyfin PVR addon.</description>
        <disclaimer></disclaimer>
        <platform>all</platform>
        <assets>
            <icon>icon.png</icon>
        </assets>
    </extension>
</addon>
